Fax Number,Organization (Client Name),Manager (For the client org),Emails,,,,,,,
13614506865,City of Rockport,T3 Comm,publicworks@cityofrockport.com,,,,,,,
12108993632,Hakeem Law,T3 Comm,katherine@hakeemlaw.com,ali@hakeemlaw.com,,,,,,
12108078019,Spinal Stabilization,T3 Comm,amurillo@sstspine.com,ccloud@sstspine.com,rrowland@sstspine.com,,,,,
12106589299,Jodi Head Lopez & Associates,T3 Comm,jodi@jhlopezlaw.com,di.marie@jhlopezlaw.com,grace.kunde@jhlopezlaw.com,staff@jhlopezlaw.com,tanya.swenson@jhlopezlaw.com,shawn.vandenberg@jhlopezlaw.com,fax@jhlopezlaw.com,,
19037657315,Workforce Solutions,T3 Comm,michelle.marbut@netxworks.org,,,,,,,
12084615796,Big O Tires Ammon,ECSI,bigoammon@gmail.com,,,,,,,
12085467126,The Walker Center Group,ECSI,chris@thewalkercenter.org,,,,,,,
12106279002,The Ron Salazar Law Firm,T3 Comm,katy@ronsalazarlaw.com,ron@ronsalazarlaw.com,,,,,,
12108195830,CJB Inc.,T3 Comm,cjoycebarksdaleinc@att.net,carjbar@satx.rr.com,vq@cjbinc.net,rcfreedomministrie@sbcglobal.net,,,,
12085467121,Pool Water Systems,ECSI,apwatercompany@gmail.com,,,,,,,
12087549923,"Snarr, PLLC",ECSI,bryans@snarrcpa.com,frontdesk@snarrcpa.com,,,,,,
12106724259,McNay Art Museum,T3 Comm,jenelle.esparza@mcnayart.org,,,,,,,
12085619054,The Revenue Advisors,ECSI,marlina@therevenueadvisors.com,justine@therevenueadvisors.com,jessica@therevenueadvisors.com,cdavies@therevenueadvisors.com,,,,
12817100125,Cardinal Culinary,T3 Comm,fax@cardinalculinary.com,,,,,,,
12106556448,Texas RV Supply,T3 Comm,pam@txrvsupply.com,ted@txrvsupply.com,tony@txrvsupply.com,sean@txrvsupply.com,mark@txrvsupply.com,,,
19035826862,Workforce Solutions,T3 Comm,Renee.franklin@netxworks.org,maquita.donald@netxworks.org,holly.zacharias@netxworks.org,erin.thomas@netxworks.org,tamara.taylor@netxworks.org,,,
12103689729,"Tessmer Law Firm, P.L.L.C.",T3 Comm,elaine@tessmerlawfirm.com,heidi@tessmerlawfirm.com,reception@tessmerlawfirm.com,,,,,
12103442883,Access Food Marketing Group,T3 Comm,dellfina@accessfoodgroup.com,john@accessfoodgroup.com,cody@accessfoodgroup.com,,,,,
12108920577,T3 Comm,T3 Comm,j.childs@t3com.net,,,,,,,
13617905966,City of Rockport,T3 Comm,records@cityofrockport.com,citysec@cityofrockport.com,citymgr@cityofrockport.com,admin@cityofrockport.com,,,,
13617299645,City of Rockport,T3 Comm,court@cityofrockport.com,,,,,,,
13617279393,City of Rockport,T3 Comm,poolmgr@cityofrockport.com,pool2@cityofrockport.com,parks3@cityofrockport.com,,,,,
13617296476,City of Rockport,T3 Comm,building@cityofrockport.com,codeenforcement2@cityofrockport.com,permits@cityofrockport.com,buildingadmin@cityofrockport.com,,,,
13617901165,City of Rockport,T3 Comm,mdelarosa@cityofrockport.com,utility7@cityofrockport.com,utility6@cityofrockport.com,utility5@cityofrockport.com,utility3@cityofrockport.com,utility2@cityofrockport.com,,,
13613862521,City of Rockport,T3 Comm,finance2@cityofrockport.com,,,,,,,
13617291126,City of Rockport,T3 Comm,HR@cityofrockport.com,,,,,,,
12103418553,Home Care Assistance,T3 Comm,smarrow@homecareassistance.com,salbers@homecareassistance.com,jmarrow@homecareassistance.com,,,,,
13617297672,City of Rockport,T3 Comm,publicworks9@cityofrockport.com,publicworks6@cityofrockport.com,,,,,,
12105581860,"Prytime Medical Devices, Inc.",T3 Comm,dbaer@prytimemedical.com,gmarshall@prytimemedical.com,sgrajeda@prytimemedical.com,talexander@prytimemedical.com,scampbell@prytimemedical.com,cscott@prytimemedical.com,,,
13617299750,Aransas County Appraisal District,T3 Comm,offmgr@aransascad.org,barbarak@aransascad.org,mikes@aransascad.org,donnap@aransascad.org,,,,
13617279346,City of Rockport,T3 Comm,aqua1@cityofrockport.com,,,,,,,
19035720159,Workforce Solutions,T3 Comm,deborah.miller@twc.state.tx.us,susan.lousberg@netxworks.org,rhonda.brown@netxworks.org,debra.sinclair@twc.state.tx.us,gaby.tuck@netxworks.org,andrew.loden@twc.state.tx.us,,,
19034391012,Workforce Solutions,T3 Comm,stacie.gregory@netxworks.org,nina.smith@netxworks.org,darren.mcgill@netxworks.org,donna.argenbright@netxworks.org,,,,
19037847267,Workforce Solutions,T3 Comm,misty.walters@netxworks.org,mary.zarones@netxworks.org,jeannie.sherwood@netxworks.org,shanta.williams@netxworks.org,jan.brown@netxworks.org,,,
14325176319,CASA Southwest,T3 Comm,jenniferf@casawtx.org,pattyp@casawtx.org,kathyh@casawtx.org,aprilh@casawtx.org,michaeld@casawtx.org,jodym@casawtx.org,christinaj@casawtx.org,stacir@casawtx.org,sarab@casawtx.org
14325176292,CASA Southwest,T3 Comm,ladonnek@casawtx.org,sherriec@casawtx.org,melissad@casawtx.org,tracyf@casawtx.org,hollyp@casawtx.org,anitad@casawtx.org,,
12089807490,Bingham Family Vision,ECSI,family.vision@hotmail.com,,,,,,,
12089060976,Raymond James,ECSI,jennifer.call@raymondjames.com,mark.young@raymondjames.com,aaron.burke@raymondjames.com,tami.douglass@raymondjames.com,kelli.jenkins@raymondjames.com,,,,
12085467127,Healthy Care Solutions,ECSI,healthysolutions1@live.com,,,,,,,
12085142590,Iona Bonneville Sewer,ECSI,manager@sewerdistrict.com,donna.bridges@sewerdistrict.com,brit.gaudio@sewerdistrict.com,marina.meier@sewerdistrict.com,,,,
12082058720,Twentieth Century Homes,ECSI,billagado@gmail.com,,,,,,,
12108923623,Empire Service Management,T3 Comm,irmaesm91@aol.com,,,,,,,
12108076325,Stone Oak Undrwriters,T3 Comm,tom@stoneoak.com,joe@stoneoak.com,service@stoneoak.com,,,,,
12108078775,Stone Oak Undrwriters,T3 Comm,cheryl@stoneoak.com,,,,,,,
13093264786,Mocadi Networks,Mocadi Networks,wmccormick3@thebrookfieldgroup.com,bhursey@thebrookfieldgroup.com,,,,,,
12086492656,Western Realty,ECSI,westernfaxes@gmail.com,,,,,,,
12108923835,Remedy Intelligent Staffing,T3 Comm,carmenb@remedystaff.com,yesenia.garibay@remedystaff.com,erin.eckensberger@remedystaff.com,jim.eckensberger@remedystaff.com,melissa.gomez@remedystaff.com,,,,
12103901677,T3 Comm,T3 Comm,joe@synergytele.com,,,,,,,
12108991227,eHealth Screening,T3 Comm,AHYscreening@ehealthscreenings.com,,,,,,,
12106906026,Altus Hospice,HTS Voice & Data,rneal@altushospicecare.com,awillis@altushospicecare.com,cvoges@altushospicecare.com,rhernandez@altushospicecare.com,asilva@altushospicecare.com,,,,
12108923807,G & P Land,HTS Voice & Data,lac@gandpland.com,,,,,,,
12108923632,Remedy Intelligent Staffing,T3 Comm,elida.triano@remedystaff.com,Brenda.soulas@remedystaff.com,julianne.hernandez@remedystaff.com,melissa.maciel@remedystaff.com,lindsey.eckensberger@remedystaff.com,,,,
12105549032,SurGIS,HTS Voice & Data,philip@surgis-texas.com,lydia@surgis-texas.us,,,,,,
18309900692,National Terrazzos Mosaic,T3 Comm,Melissa@NTMA.com,,,,,,,
12147314785,Patriot Truck Sales,Mid-Cities Data Comm,david@patriottrucksales.com,brandon@patriottrucksales.com,,,,,,
12108051760,McNay Art Museum,T3 Comm,sue.king@mcnayart.org,,,,,,,
12108923813,eHealth Screening,T3 Comm,help@ehealthscreenings.com,eshipp@ehealthscreenings.com,sengleka@ehealthscreenings.com,jcunningham@ehealthscreenings.com,,,,
12108923653,eHealth Screening,T3 Comm,ehs.physicianscreening@ehealthscreenings.com,,,,,,,
12085142640,Ray Core,ECSI,fax@raycore.com,,,,,,,
12108923852,Alamo Ranch Animal Hospital,T3 Comm,frontdesk@alamoranchvets.com,,,,,,,
16012587019,Mississippi Tent & Party Rental,Sync IT Solution,Rdodd@mississippitent.com,Donna@mississippitent.com,Ron@mississippitent.com,Tyler@mississippitent.com,Lee@mississippitent.com,,,
12108923893,Integra Institute,Dunn Communications,fax@integrainstitute.org,jd@integrainstitute.org,,,,,,
13617230923,City of Alice,T3 Comm,renee.arismendez@cityofalice.org,,,,,,,
13612090912,City of Alice,T3 Comm,teresa.vasquez@cityofalice.org,jim.hicks@cityofalice.org,Taylor.vickers@cityofalice.org,roland.ramos@cityofalice.org,vanessa.torres@cityofalice.org,olga.moreno@cityofalice.org,,,
12106001004,McCorkle Commercial Insurance,T3 Comm,smorgan@mccorkle-insurance.com,,,,,,,
19037922976,Workforce Solutions,T3 Comm,txk.faxes@netxworks.org,,,,,,,
18175419008,City of Benbrook,T3 Comm,Dgreen@benbrook-tx.gov,,,,,,,
15125432327,Equity Trading Company,A1 Biz,heather@superiordisposal.com,travis@equitytradingcompany.com,,,,,,
15055140661,City of Benbrook,T3 Comm,wramirez@benbrook-tx.gov,records1@benbrook-tx.gov,Dispatch@benbrook-tx.gov,,,,,
18306257876,City of Benbrook,T3 Comm,kharris@benbrook-tx.gov,,,,,,,
18302402148,City of Benbrook,T3 Comm,jsmith@benbrook-tx.gov,dsavage@benbrook-tx.gov,,,,,,
17138931305,City of Benbrook,T3 Comm,mullinax@benbrook-tx.gov,jlewallen@benbrook-tx.gov,rlawrence@benbrook-tx.gov,jhatton@benbrook-tx.gov,jwhiteside@benbrook-tx.gov,rmatlack@benbrook-tx.gov,,,
17133579435,City of Benbrook,T3 Comm,jdelatorre@benbrook-tx.gov,dbock@benbrook-tx.gov,sstevens@benbrook-tx.gov,,,,,
17133579386,City of Benbrook,T3 Comm,Jking@benbrook-tx.gov,,,,,,,
13618814331,City of Alice,T3 Comm,elma.rodriguez@cityofalice.org,rolando.resendez@cityofalice.org,,,,,,
18305212536,Borrego Fine Jewelry,T3 Comm,robertborrego1@gmail.com,,,,,,,
12082058721,LDA Security,ECSI,keri@ldasecurity.com,,,,,,,
13615854456,City of Alice,T3 Comm,odilia.rodriguez@cityofalice.org,Becky.Guerra@cityofalice.org,rene.marshall@cityofalice.org,,,,,
18327537038,Intergulf Corporation,T3 Comm,nrosas@intergulfcorp.com,trussell@intergulfcorp.com,lrideaux@intergulfcorp.com,,,,,
12546131700,Green Acres Rental,T3 Comm,admin@greenacresrental.com,,,,,,,
15126416163,Austin Discovery School,Artcom,dfreeman@austindiscoveryschool.org,,,,,,,
12818280678,Intergulf Corporation,T3 Comm,zzitterkob@intergulfcorp.com,,,,,,,
12106402094,Kairoi Residential,Artcom,mmarceau@kairoi.com,,,,,,,
12108923818,Kairoi Residential,Artcom,mlynd@kairoi.com,,,,,,,
12108923612,Kairoi Residential,Artcom,dzunker@kairoi.com,,,,,,,
12108923838,UNKNOWN,T3 Comm,umsfaxes@gmail.com,,,,,,,
16093878843,Netcom Systems,T3 Comm,justin@dominionbusinessgroup.com,jen@dominionbusinessgroup.com,,,,,,
13618814582,St. Elizabeth Church,T3 Comm,pgarcia@sesalice.org,mtorres@sesalice.org,dcanchola@sesalice.org,,,,,
12106401941,Kellum Physician Partners,T3 Comm,c.debosquez@kellumfamilymedicine.com,,,,,,,
12106402089,Western Title,HTS Voice & Data,ssims@westerntitlebandera.com,jschultz@westerntitlebandera.com,kmorgan@westerntitlebandera.com,acosta@westerntitlebandera.com,heather@westerntitlebandera.com,,,,
12145562391,City of Benbrook,T3 Comm,bfischer@benbrook-tx.gov,,,,,,,
12109797357,Katzman & Katzman,T3 Comm,cecilia@katzmanandkatzman.com,alex@katzmanandkatzman.com,,,,,,
12105582000,Scott Insurance Services,Dunn Communications,scottinsurance@live.com,,,,,,,
12082254242,Holst Truck Parts,ECSI,holstcollision@gmail.com,,,,,,,
12106001005,Four Seasons OB/GYN,T3 Comm,frontdesk@fourseasonsobgyn.com,,,,,,,
19042931354,National Carburetors,T3 Comm,sales@nationalcarburetors.com,,,,,,,
12109820188,Cisneros Miramontes,HTS Voice & Data,lcross@cm.capital,claudia@cm.capital,nclark@cm.capital,hcisneros@cm.capital,brad@cm.capital,,,
12106401939,Masters Dental Group,T3 Comm,appt@mdgteam.com,,,,,,,
18307833425,Sure Seal,TDA Netwworks,samantha@suresealsa.com,julian.campos@suresealsa.com,alysa.gauna@suresealsa.com,felicia.romero@suresealsa.com,Rose.tovar@suresealsa.com,xavier.tovar@suresealsa.com,chris.tovar@suresealsa.com,,
18302403821,Augusta Vin Winery,T3 Comm,Tammy@augustavin.com,sfelder@augustavin.com,Jesse@augustavin.com,Cparker@augustavin.com,,,,
19037944884,Workforce Solutions,T3 Comm,april.corbit@netxworks.org,debra.burkhalter@netxworks.org,Lance.love@netxworks.org,Christopher.hicks@netxworks.org,Sharon.davis@netxworks.org,,,
19037948004,Workforce Solutions,T3 Comm,ccs8004faxes@netxworks.org,,,,,,,
17139037891,First Choice Telecom,First Choice Telecom,klaurita@firstchoicetele.com,smillstid@firstchoicetele.com,,,,,,
19037948012,Workforce Solutions,T3 Comm,ccs8012faxes@netxworks.org,,,,,,,
19037948014,Workforce Solutions,T3 Comm,ccs8014faxes@netxworks.org,,,,,,,
12085254885,High Valley Dermatology,ECSI,drminer@highvalleydermatology.com,drsewell@highvalleydermatology.com,greg@highvalleydermatology.com,nurses@highvalleydermatology.com,office@highvalleydermatology.com,,,,
18172496965,T3 Comm NOC,T3 Comm,edward.weakland@gmail.com,a.ramon@t3com.net,e.weakland@t3com.net,,,,,
12106357771,VP Racing,TDA Netwworks,Linda.villarreal@vpracingfuels.com,,,,,,,
12106253152,T3 Comm,T3 Comm,c.slaughter@t3com.net,,,,,,,
12085467128,Carpet Direct,ECSI,wadehath@ida.net,,,,,,,
18308162409,Legacy Collaborative,T3 Comm,mnau@stic.net,jsnau@stic.net,,,,,,
16012586667,Camper Corral MS,Sync IT Solution,debra@campercorralms.com,amanda@campercorralms.com,campercorralefax@campercorralms.com,,,,,
12085234510,Thomas Drilling Inc,ECSI,tyson@thomasdrillinginc.com,,,,,,,
18172496922,Benbrook Water Authority,T3 Comm,morris@benbrookwater.com,mpv@benbrookwater.com,sutton@benbrookwater.com,,,,,
18172496965,Benbrook Water Authority,T3 Comm,lonnie@benbrookwater.com,j.williams@benbrookwater.com,lori@benbrookwater.com,smith@benbrookwater.com,ramsey@benbrookwater.com,bwsa@bwsa.org,,,
18172497489,Benbrook Water Authority,T3 Comm,gail@benbrookwater.com,laurie@benbrookwater.com,,,,,,
18172494726,Benbrook Water Authority,T3 Comm,kohley@benbrookwater.com,brad@benbrookwater.com,mitch@benbrookwater.com,,,,,
12085421952,Dixies Diner,ECSI,garyanderson072@gmail.com,idahodiner@cableone.net,,,,,,
19035826861,Workforce Solutions,T3 Comm,mona.reid@netxworks.org,,,,,,,
19033475208,Workforce Solutions,T3 Comm,Carolyn.johnson@netxworks.org,,,,,,,
19033475207,Workforce Solutions,T3 Comm,lisa.collins@netxworks.org,,,,,,,
19034031815,Workforce Solutions,T3 Comm,ricky.hayman@netxworks.org,,,,,,,
19032058439,Workforce Solutions,T3 Comm,cita.webster@netxworks.org,,,,,,,
19032058440,Workforce Solutions,T3 Comm,lois.boger@twc.state.tx.us,,,,,,,
18052430328,Premise Health,T3 Comm,magdalena.carrizosa@premisehealth.com.sujey.delatrinidad@premisehealth.com
19032058440,Workforce Solutions,T3 Comm,lois.boger@twc.state.tx.us	
12082167261,T3 Comm,T3 Comm,records@sterlingm.net	
12082693106,T3 Comm,T3 Comm,barecov2070@gmail.com	
12085467590,T3 Comm,T3 Comm,fallsirr@cableone.net	
12085231324,T3 Comm,T3 Comm,ultramarine212@gmail.com	